Key,Language,Translation
CHANGE_LANGUAGE,en,ğŸŒ Change Language
CHANGE_LANGUAGE,es,ğŸŒ Cambiar idioma
CHANGE_LANGUAGE,he,ğŸŒ ×©×™× ×•×™ ×©×¤×”
CHANGE_LANGUAGE,yi,ğŸŒ ×¢× ×“×¢×¨×Ÿ ×©×¤×¨××š
CHANGE_LANGUAGE,fr,ğŸŒ Changer de langue
CHOOSE_LANGUAGE,en,Choose a language
CHOOSE_LANGUAGE,es,Elige un idioma
CHOOSE_LANGUAGE,he,×‘×—×¨×• ×©×¤×”
CHOOSE_LANGUAGE,yi,×§×œ×™×™×‘ × ×©×¤×¨××š
CHOOSE_LANGUAGE,fr,Choisissez une langue
LANGUAGE_CHANGED,en,Language changed to English
LANGUAGE_CHANGED,es,Idioma cambiado a espaÃ±ol
LANGUAGE_CHANGED,he,×”×©×¤×” ×”×•×—×œ×¤×” ×œ×¢×‘×¨×™×ª
LANGUAGE_CHANGED,yi,×©×¤×¨××š ×× ×“×¢×¨×˜ ×¦×• ×™×™×“×™×©
LANGUAGE_CHANGED,fr,Langue changÃ©e en franÃ§ais
START_CMD,en,!start
START_CMD,es,!start; !comenzar; !iniciar
START_CMD,he,!start; !×”×ª×—×œ; !×”×ª×—×™×œ×•
START_CMD,yi,!start; !×©×˜××¨×˜×Ÿ; !×Ö¸× ×”×™×™×‘×Ÿ
START_CMD,fr,!start; !commencer; !dÃ©marrer
START_CMD_DESC,en,ğŸ“š Start the bot
START_CMD_DESC,es,ğŸ“š Inicia el bot
START_CMD_DESC,he,ğŸ“š ×”×ª×—×™×œ×• ××ª ×”×‘×•×˜
START_CMD_DESC,yi,ğŸ“š ×©×˜××¨×˜×Ÿ ×“×™ ×‘××˜
START_CMD_DESC,fr,ğŸ“š DÃ©marrer le bot
CHANGE_LANG_CMD,en,!lang
CHANGE_LANG_CMD,es,!lang; !idioma; !lengua
CHANGE_LANG_CMD,he,!lang; !×©×¤×”; !×©×™× ×•×™×©×¤×”
CHANGE_LANG_CMD,yi,!lang; !×©×¤×¨××š; !×¢× ×“×¢×¨×Ÿ×©×¤×¨××š
CHANGE_LANG_CMD,fr,!lang; !langue; !changer de langue
CHANGE_LANG_CMD_DESC,en,ğŸŒ Change the language
CHANGE_LANG_CMD_DESC,es,ğŸŒ Cambia el idioma
CHANGE_LANG_CMD_DESC,he,ğŸŒ ×©×™× ×•×™ ×©×¤×”
CHANGE_LANG_CMD_DESC,yi,ğŸŒ ×¢× ×“×¢×¨×Ÿ ×©×¤×¨××š
CHANGE_LANG_CMD_DESC,fr,ğŸŒ Changer de langue
STATS_CMD,en,!stats
STATS_CMD,es,!stats; !estadÃ­sticas
STATS_CMD,he,!stats; !×¡×˜×˜×™×¡×˜×™×§×•×ª
STATS_CMD,yi,!stats; !×¡×˜××˜×™×¡×˜×™×§×¡
STATS_CMD,fr,!stats; !statistiques
STATS_CMD_DESC,en,ğŸ“Š Show bot stats
STATS_CMD_DESC,es,ğŸ“Š Muestra las estadÃ­sticas del bot
STATS_CMD_DESC,he,ğŸ“Š ×”×¦×’ ×¡×˜×˜×™×¡×˜×™×§×•×ª ×¢×œ ×”×‘×•×˜
STATS_CMD_DESC,yi,ğŸ“Š ×•×•×™×™Ö·×–×Ÿ ×‘××˜ ×¡×˜×¢×˜×¡
STATS_CMD_DESC,fr,ğŸ“Š Afficher les statistiques du bot
BROWSE_CMD,en,!browse
BROWSE_CMD,es,!browse; !explorar
BROWSE_CMD,he,!browse; !×¢×™×•×Ÿ
BROWSE_CMD,yi,!browse; !×‘×¨××•×™×–
BROWSE_CMD,fr,!browse; !parcourir
BROWSE_CMD_DESC,en,ğŸ“– Browse the library
BROWSE_CMD_DESC,es,ğŸ“– Explora la biblioteca
BROWSE_CMD_DESC,he,ğŸ“– ×¢×™×•×Ÿ ×‘×¡×¤×¨×™×”
BROWSE_CMD_DESC,yi,ğŸ“– ×‘×¨××•×™×– ×“×™ ×‘×™×‘×œ×™×Ö¸×˜×¢×§
BROWSE_CMD_DESC,fr,ğŸ“– Parcourir la bibliothÃ¨que
SEARCH_CMD,en,!search
SEARCH_CMD,es,!search; !buscar
SEARCH_CMD,he,!search; !×—×™×¤×•×©; !×—×¤×©
SEARCH_CMD,yi,!search; !×¡×¢×¨×˜×©
SEARCH_CMD,fr,!search; !recherche
SEARCH_CMD_DESC,en,ğŸ” Search for a book
SEARCH_CMD_DESC,es,ğŸ” Busca un libro
SEARCH_CMD_DESC,he,ğŸ” ×—×™×¤×•×© ×¡×¤×¨
SEARCH_CMD_DESC,yi,ğŸ” ×¡×¢×¨×˜×© ×Ö· ×‘×•×š
SEARCH_CMD_DESC,fr,ğŸ” Rechercher un livre
CONTACT_US_CMD,en,!contact
CONTACT_US_CMD,es,!contacto; !contactar
CONTACT_US_CMD,he,!contact; !×¦×•×¨×§×©×¨
CONTACT_US_CMD,yi,!contact; !×§×× ×˜××§×˜
CONTACT_US_CMD,fr,!contact; !contacter
CONTACT_US_CMD_DESC,en,ğŸ“§ Contact us
CONTACT_US_CMD_DESC,es,ğŸ“§ ContÃ¡ctanos
CONTACT_US_CMD_DESC,he,ğŸ“§ ×™×¦×™×¨×ª ×§×©×¨
CONTACT_US_CMD_DESC,yi,ğŸ“§ ×§×× ×˜××§×˜ ××•× ×–
CONTACT_US_CMD_DESC,fr,ğŸ“§ Contactez-nous
ABOUT,en,â„¹ï¸ About
ABOUT,es,â„¹ï¸ Acerca de 
ABOUT,he,â„¹ï¸ ××•×“×•×ª
ABOUT,yi,â„¹ï¸ ×•×•×¢×’×Ÿ
ABOUT,fr,?? Ã€ propos
BACK,en,ğŸ”™ Back
BACK,es,ğŸ”™ AtrÃ¡s 
BACK,he,ğŸ”™ ×—×–×¨×”
BACK,yi,ğŸ”™ ×¦×•×¨×™×§
BACK,fr,ğŸ”™ Retour
BOOK_NOT_FOUND,en,Book not found
BOOK_NOT_FOUND,es,Libro no encontrado 
BOOK_NOT_FOUND,he,×¡×¤×¨ ×œ× × ××¦×
BOOK_NOT_FOUND,yi,×“×¢×¨ ×¡×¤×¨ ××™×– × ×™×©×˜ ×‘× ×™××¦×
BOOK_NOT_FOUND,fr,Livre introuvable
BROWSE,en,ğŸ“– Browse
BROWSE,es,ğŸ“– Explorar 
BROWSE,he,ğŸ“– ×¢×™×•×Ÿ
BROWSE,yi,ğŸ“– ×‘×¨××•×™×–
BROWSE,fr,ğŸ“– Parcourir
CHOOSE,en,Choose
CHOOSE,es,Elige 
CHOOSE,he,×‘×—×¨×•
CHOOSE,yi,×§×œ×™×™×‘ ××•×™×¡
CHOOSE,fr,Choisir
CHOOSE_BROWSE_TYPE,en,Choose a browse type
CHOOSE_BROWSE_TYPE,es,Elige un tipo de exploraciÃ³n
CHOOSE_BROWSE_TYPE,he,×‘×—×¨ ×¡×•×’ ×¢×™×•×Ÿ
CHOOSE_BROWSE_TYPE,yi,×§×œ×™×™×‘ ××•×™×¡ × ×¡×•×’ ×‘×¨××•×™×–×¢×¨ 
CHOOSE_BROWSE_TYPE,fr,Choisissez un type de navigation
CHOOSE_DATE_RANGE,en,Choose a date range
CHOOSE_DATE_RANGE,es,Elige un rango de fecha 
CHOOSE_DATE_RANGE,he,×‘×—×¨×• ×˜×•×•×— ×ª××¨×™×›×™×
CHOOSE_DATE_RANGE,yi,×§×œ×™×™×‘ ×“×™ ×“××˜×•××¡
CHOOSE_DATE_RANGE,fr,Choisissez une plage de dates
CHOOSE_LETTER,en,Choose a letter
CHOOSE_LETTER,es,Elige una letra 
CHOOSE_LETTER,he,×‘×—×¨×• ××•×ª
CHOOSE_LETTER,yi,×§×œ×™×™×‘ ××Ÿ ××•×ª
CHOOSE_LETTER,fr,Choisissez une lettre
CHOOSE_MASECHET,en,Choose a masechet
CHOOSE_MASECHET,es,Elige un masechet 
CHOOSE_MASECHET,he,×‘×—×¨×• ××¡×›×ª
CHOOSE_MASECHET,yi,×§×œ×™×™×‘ × ××¡×›×ª
CHOOSE_MASECHET,fr,Choisissez un maschet
CHOOSE_SUBJECT,en,Choose a subject
CHOOSE_SUBJECT,es,Elige un tema 
CHOOSE_SUBJECT,he,×‘×—×¨×• × ×•×©×
CHOOSE_SUBJECT,yi,×§×œ×™×™×‘ × ×¡××‘×“×–×©×¢×§×˜
CHOOSE_SUBJECT,fr,Choisissez un sujet
DATE_RANGES,en,ğŸ“… Date Ranges
DATE_RANGES,es,ğŸ“… Rangos de fecha 
DATE_RANGES,he,ğŸ“… ×ª××¨×™×›×™×
DATE_RANGES,yi,ğŸ“… ×“××˜×•××¡ 
DATE_RANGES,fr,ğŸ“… Plages de dates
DATE_RANGES_CMD,en,"!date, 1945"
DATE_RANGES_CMD,es,"!fecha, 1945 "
DATE_RANGES_CMD,he,"!×ª××¨×™×š, ×ª×¨""× "
DATE_RANGES_CMD,yi,"!×“××˜×•×, ×ª×¨''× "
DATE_RANGES_CMD,fr,"! date, 1945"
DOCUMENT,en,ğŸ“„ Document
DOCUMENT,es,ğŸ“„ Documento 
DOCUMENT,he,ğŸ“„ ××¡××š
DOCUMENT,yi,ğŸ“„ ×“××§×™×•××¢× ×˜
DOCUMENT,fr,ğŸ“„ Document
DOWNLOAD,en,â¬‡ï¸ Download â¬‡ï¸
DOWNLOAD,es,â¬‡ï¸ Descargar â¬‡ï¸ 
DOWNLOAD,he,â¬‡ï¸ ×”×•×¨×“×” â¬‡ï¸
DOWNLOAD,yi,â¬‡ï¸×“××•× ×œ××•×“â¬‡ï¸
DOWNLOAD,fr,â¬‡ï¸ TÃ©lÃ©charger â¬‡ï¸
HEBREWBOOKS_SITE,en,ğŸŒ HebrewBooks Website ğŸŒ
HEBREWBOOKS_SITE,es,ğŸŒ Sitio web de HebrewBooks ğŸŒ 
HEBREWBOOKS_SITE,he,ğŸŒ ××ª×¨ ×”×™×‘×¨×•×‘×•×§×¡ ğŸŒ
HEBREWBOOKS_SITE,yi,ğŸŒ ×”×™×‘×¨×•×‘×•×§×¡ ×•×•×¢×‘×¡×™×™×˜ ğŸŒ
HEBREWBOOKS_SITE,fr,ğŸŒ HebrewBooks Site Web ğŸŒ
IMAGE,en,ğŸ–¼ Image
IMAGE,es,ğŸ–¼ Imagen
IMAGE,he,ğŸ–¼ ×ª××•× ×”
IMAGE,yi,ğŸ–¼ ×‘×™×œ×“
IMAGE,fr,ğŸ–¼ Image
IN_MEMORY_FOOTER,en,"ğŸ•¯ In memory of Rabbi Aharon Yitzchak ben Shmuel Zanvil z""l"
IN_MEMORY_FOOTER,es,"ğŸ•¯ En memoria del rabino Aharon Yitzchak ben Shmuel Zanvil z""l "
IN_MEMORY_FOOTER,he,"ğŸ•¯ ×œ×¢×™×œ×•×™ × ×©××ª ×”×¨×‘ ××”×¨×Ÿ ×™×¦×—×§ ×‘×Ÿ ×©××•××œ ×–× ×•×•×™×œ ×–""×œ"
IN_MEMORY_FOOTER,yi,"ğŸ•¯ ×œ×¢×™×œ×•×™ × ×©××ª ×”×¨×‘ ××”×¨×Ÿ ×™×¦×—×§ ×‘×Ÿ ×©××•××œ ×–× ×•×•×™×œ ×–""×œ"
IN_MEMORY_FOOTER,fr,"ğŸ•¯ Ã€ la mÃ©moire du rabbin Aharon Yitzchak ben Shmuel Zanvil z""l"
INSTANT_READ,en,ğŸ“– Instant Read ğŸ“–
INSTANT_READ,es,ğŸ“– Lectura instantÃ¡nea ğŸ“– 
INSTANT_READ,he,ğŸ“– ×§×¨×™××” ××”×™×¨×” ğŸ“–
INSTANT_READ,yi,ğŸ“– ×©× ×¢×œ ×œ×™×™× ×¢×Ÿ ğŸ“–
INSTANT_READ,fr,ğŸ“– Lecture instantanÃ©e ğŸ“–
JUMP_ALSO_BY_EDIT_TIP,en,"Tip: instead of browsing, reply to this message with the page number you want to read.
You can also edit the number you sent and the page will update accordingly."
JUMP_ALSO_BY_EDIT_TIP,es,"Consejo: en lugar de explorar, responde a este mensaje con el nÃºmero de pÃ¡gina que quieres leer. TambiÃ©n puedes editar el nÃºmero que enviaste y la pÃ¡gina se actualizarÃ¡ en consecuencia. "
JUMP_ALSO_BY_EDIT_TIP,he,"×˜×™×¤: ×‘××§×•× ×œ×“×¤×“×£, ×”×’×™×‘×• ×¢×œ ×”×”×•×“×¢×” ×”×–×• ×¢× ××¡×¤×¨ ×”×¢××•×“ ×©×‘×¨×¦×•× ×›× ×œ×§×¨×•×.
× ×™×ª×Ÿ ×’× ×œ×¢×¨×•×š ××ª ×”××¡×¤×¨ ×©×©×œ×—×ª× ×•×”×¢××•×“ ×™×©×ª× ×” ×‘×”×ª××."
JUMP_ALSO_BY_EDIT_TIP,yi,"×¢×¦×”: ×× ×©×˜××˜ ×‘×¨××•×™×–×™×Ÿ, ×¢× ×˜×¤×¢×¨ ×“×¢× ××¢×¡×¢×“×–×© ××™×˜ ×“×™ ×‘×œ××˜ × ×××‘×¢×¨ ×•×•××¡ ××™×¨ ×•×•×™×œ×˜ ×œ×™×™× ×¢×Ÿ. 
××™×¨ ×§×¢× ×˜ ××•×™×š ×¢×“×™×˜×Ÿ ×“×¢× × ×××‘×¢×¨ ×•×•××¡ ××™×¨ ×”××˜ ×’×¢×©×™×§×˜, ××•×Ÿ ×“×™ ×‘×œ××˜ ×•×•×¢×˜ ×˜×•×™×©×¢×Ÿ ××§××¨×“×¢× ×’×œ×™."
JUMP_ALSO_BY_EDIT_TIP,fr,"Conseil : au lieu de parcourir, rÃ©pondez Ã  ce message avec le numÃ©ro de la page que vous souhaitez lire. Vous pouvez Ã©galement modifier le numÃ©ro que vous avez envoyÃ© et la page sera mise Ã  jour en consÃ©quence."
JUMP_TIP,en,"Tip: instead of browsing, reply to this message with the page number you want to read."
JUMP_TIP,es,"Consejo: en lugar de explorar, responde a este mensaje con el nÃºmero de pÃ¡gina que quieres leer. "
JUMP_TIP,he,"×˜×™×¤: ×‘××§×•× ×œ×“×¤×“×£, ×”×’×™×‘×• ×¢×œ ×”×”×•×“×¢×” ×”×–×• ×¢× ××¡×¤×¨ ×”×¢××•×“ ×©×‘×¨×¦×•× ×›× ×œ×§×¨×•×."
JUMP_TIP,yi,"×¢×¦×”: ×× ×©×˜××˜ ×‘×¨××•×™×–×™×Ÿ, ×¢× ×˜×¤×¢×¨ ×“×¢× ××¢×¡×¢×“×–×© ××™×˜ ×“×™ ×‘×œ××˜ × ×××‘×¢×¨ ×•×•××¡ ××™×¨ ×•×•×™×œ×˜ ×œ×™×™× ×¢×Ÿ."
JUMP_TIP,fr,"Conseil : au lieu de parcourir, rÃ©pondez Ã  ce message avec le numÃ©ro de page que vous souhaitez lire."
LETTERS,en,ğŸ”  Letters
LETTERS,es,ğŸ”  Letras 
LETTERS,he,ğŸ”  ××•×ª×™×•×ª
LETTERS,yi,ğŸ”  ××•×ª×™×•×ª
LETTERS,fr,ğŸ”  Lettres
LETTERS_CMD,en,"!let, ×"
LETTERS_CMD,es,"!let, × "
LETTERS_CMD,he,"!××•×ª, ×"
LETTERS_CMD,yi,"!××•×ª, ×"
LETTERS_CMD,fr,"! laisse, ×"
MASECHET_NOT_FOUND,en,Masechet not found
MASECHET_NOT_FOUND,es,Masechet no encontrado 
MASECHET_NOT_FOUND,he,××¡×›×ª ×œ× × ××¦××”
MASECHET_NOT_FOUND,yi,×“×¢×¨ ××¡×›×ª ××™×– × ×™×©×˜ ×¦×• ×‘× ×™××¦×
MASECHET_NOT_FOUND,fr,Masechet introuvable
NAVIGATE_BETWEEN_RESULTS,en,Navigate between results
NAVIGATE_BETWEEN_RESULTS,es,Navega entre los resultados 
NAVIGATE_BETWEEN_RESULTS,he,× ×•×•×˜×• ×‘×™×Ÿ ×”×ª×•×¦××•×ª
NAVIGATE_BETWEEN_RESULTS,yi,×•×•×× ×“×¢×¨ ××“×•×¨×š ×“×™ ×ª×•×¦××•×ª
NAVIGATE_BETWEEN_RESULTS,fr,Naviguer entre les rÃ©sultats
NEXT,en,Next â©
NEXT,es,Siguiente â© 
NEXT,he,×”×‘× âª
NEXT,yi,× ×¢×§×¡×˜ âª
NEXT,fr,Suivant â©
NO_BOOK_SELECTED,fr,Aucun livre sÃ©lectionnÃ© ou le message est trop ancien
NO_BOOK_SELECTED,en,No book selected or the message is too old
NO_BOOK_SELECTED,es,No se ha seleccionado ningÃºn libro o el mensaje es demasiado antiguo 
NO_BOOK_SELECTED,he,×œ× × ×‘×—×¨ ×¡×¤×¨ ××• ×©×”×”×•×“×¢×” × ×©×œ×—×” ×œ×¤× ×™ ×–××Ÿ ×¨×‘
NO_BOOK_SELECTED,yi,"×§×™×™×Ÿ ×‘×•×š ××™×– × ×™×©×˜ ××•×™×¡×’×¢×§×œ×™×‘×Ÿ ×’×¢×•×•××¨×¢×Ÿ, ×Ö¸×“×¢×¨ ×“×¢×¨ ××¢×¡×¢×“×–×© ××™×– ×¦×• ××œ×˜."
NO_RESULTS_FOR_Q,en,No results found for: {q}
NO_RESULTS_FOR_Q,es,No se encontraron resultados para: {q} 
NO_RESULTS_FOR_Q,he,×œ× × ××¦××• ×ª×•×¦××•×ª ×¢×‘×•×¨: {q}
NO_RESULTS_FOR_Q,yi,× ×™×©×˜ ×“× ×§×™×™×Ÿ ×ª×•×¦××•×ª ×¤××¨: {q}
NO_RESULTS_FOR_Q,fr,Aucun rÃ©sultat trouvÃ© pour : {q}
CLICK_TO_REGISTER,en,Click here to register
NOT_REGISTERED_TITLE,en,You are not registered in the bot
NOT_REGISTERED_BODY,en,Please send /start to the bot in order to register
CLICK_TO_REGISTER,es,Haz clic aquÃ­ para registrarte
NOT_REGISTERED_TITLE,es,No estÃ¡s registrado en el bot
NOT_REGISTERED_BODY,es,"Por favor, envÃ­a /start al bot para registrarte"
CLICK_TO_REGISTER,he,×œ×—×¦×• ×›××Ÿ ×›×“×™ ×œ×”×™×¨×©×
NOT_REGISTERED_TITLE,he,××™× ×›× ×¨×©×•××™× ×œ×‘×•×˜
NOT_REGISTERED_BODY,he,×× × ×©×œ×—×• /start ×œ×‘×•×˜ ×›×“×™ ×œ×”×™×¨×©×
CLICK_TO_REGISTER,yi,×§×œ×™×§ ×“× ××•×™×£ ×“×¢×¨ ×¨×¢×’×™×¡×˜×¨×™×¨×Ÿ
NOT_REGISTERED_TITLE,yi,××™×¨ ×–×¢× ×˜ × ×™×©×˜ ××™×™× ×’×¢×©×¨×™×‘×¢×Ÿ ××™×Ÿ ×“×¢× ×‘××˜. ×‘×™×˜×¢ ×©×™×§×˜ /start ×¦×• ×“×™ ×‘××˜ ×›×“×™ ××™×™× ×¦×•×©×¨×™×™×‘×¢×Ÿ
NOT_REGISTERED_BODY,yi,×‘×™×˜×¢ ×©×™×§×˜ /start ×¦×• ×“×™ ×‘××˜ ×›×“×™ ××™×™× ×¦×•×©×¨×™×™×‘×¢×Ÿ
CLICK_TO_REGISTER,fr,Cliquez ici pour vous inscrire
NOT_REGISTERED_TITLE,fr,Vous n'Ãªtes pas inscrit sur le bot
NOT_REGISTERED_BODY,fr,Veuillez envoyer /start au bot pour vous inscrire
NUMBERS_ONLY,en,Please use numbers only
NUMBERS_ONLY,es,"Por favor, usa solo nÃºmeros"
NUMBERS_ONLY,he,×™×© ×œ×”×©×ª××© ×‘××¡×¤×¨×™× ×‘×œ×‘×“
NUMBERS_ONLY,yi,×‘×× ×•×¦×˜ ×–×™×š × ××¨ ××™×˜ × ×××‘×¢×¨×¡
NUMBERS_ONLY,fr,Veuillez utiliser uniquement des chiffres
ORIGINAL_SEARCH_DELETED,en,The original search was deleted
ORIGINAL_SEARCH_DELETED,es,La bÃºsqueda original fue eliminada 
ORIGINAL_SEARCH_DELETED,he,×”×—×™×¤×•×© ×”××§×•×¨×™ × ××—×§
ORIGINAL_SEARCH_DELETED,yi,×“×¢×¨ ××¨×™×’×™× ××œ×¢×¨ ×¡×¢×¨×˜×© ××™×– ××•×™×¡×’×¢××¢×§×˜
ORIGINAL_SEARCH_DELETED,fr,La recherche originale a Ã©tÃ© supprimÃ©e
PAGE_NOT_EXIST_CHOOSE_BETWEEN_X_Y,en,The page does not exist! (Choose a page between {x} and {y})
PAGE_NOT_EXIST_CHOOSE_BETWEEN_X_Y,es,La pÃ¡gina no existe! (Elige una pÃ¡gina entre {x} y {y}) 
PAGE_NOT_EXIST_CHOOSE_BETWEEN_X_Y,he,×”×“×£ ××™× ×• ×§×™×™×! (×‘×—×¨×• ×“×£ ×‘×™×Ÿ {x} ×œ-{y})
PAGE_NOT_EXIST_CHOOSE_BETWEEN_X_Y,yi,×“×¢×¨ ×‘×œ××˜ ×¢×§×–×™×¡×˜×™×¨×˜ × ×™×©×˜! (×§×œ×²×‘×˜ ×Ö· ×‘×œ××˜ ×¦×•×•×™×©×Ÿ {x} ××•×Ÿ {y})
PAGE_NOT_EXIST_CHOOSE_BETWEEN_X_Y,fr,"La page n'existe pas ! (Choisissez une page entre {x} et {y})"""
PAGE_X_OF_Y,en,Page {x} of {y}
PAGE_X_OF_Y,es,PÃ¡gina {x} de {y} 
PAGE_X_OF_Y,he,×¢××•×“ {x} ××ª×•×š {y}
PAGE_X_OF_Y,yi,×‘×œ××˜  {x} ×¤×•×Ÿ {y}
PAGE_X_OF_Y,fr,Page {x} sur {y}
PRESS_TO_SHARE,en,Click on the result to share {title}
PRESS_TO_SHARE,es,Haz clic en el resultado para compartir {title} 
PRESS_TO_SHARE,he,×œ×—×¦×• ×¢×œ ×”×ª×•×¦××” ×›×“×™ ×œ×©×ª×£ ××ª {title}
PRESS_TO_SHARE,yi,×§×œ×™×§ ××•×™×£ ×“×¢×¨ ×ª×•×¦××” ×›×“×™ ×¦×• ×©×¢×¨×™×Ÿ ×“×¢×¨ {title}
PRESS_TO_SHARE,fr,Cliquez sur le rÃ©sultat pour partager {title}
PREVIOUS,en,âª Previous
PREVIOUS,es,âª Anterior 
PREVIOUS,he,â© ×”×§×•×“×
PREVIOUS,yi,â©×¤×¨×™×¢×¨
PREVIOUS,fr,âª PrÃ©cÃ©dent
PYWA_CREDIT,en,âš¡ Powered by PyWa
PYWA_CREDIT,es,âš¡ Impulsado por PyWa 
PYWA_CREDIT,he,âš¡ × ×‘× ×” ×‘×××¦×¢×•×ª PyWa
PYWA_CREDIT,yi,âš¡ ×’×¢×‘×•×™×˜ ×“×•×¨×š PyWa
PYWA_CREDIT,fr,? PropulsÃ© par PyWa
READ_ON_SITE,en,ğŸŒ Read on site ğŸŒ
READ_ON_SITE,es,ğŸŒ Leer en el sitio ğŸŒ
READ_ON_SITE,he,ğŸŒ ×§×¨×™××” ×‘××ª×¨ ğŸŒ
READ_ON_SITE,yi,ğŸŒ ×œ×™×™×Ÿ ××•×™×£ ×“×™ ×¡×™×™×˜ ğŸŒ
READ_ON_SITE,fr,ğŸŒ Lire sur le site ğŸŒ
RESEARCH,en,ğŸ” Research
RESEARCH,es,ğŸ” InvestigaciÃ³n
RESEARCH,he,ğŸ” ×—×™×¤×•×© ××—×“×©
RESEARCH,yi,ğŸ” ×¡×¢×¨×˜×© × ××›××××œ
RESEARCH,fr,ğŸ” Recherche
SEARCH,en,ğŸ” Search
SEARCH,es,ğŸ” Buscar 
SEARCH,he,ğŸ” ×—×™×¤×•×©
SEARCH,yi,×¡×¢×¨×˜×©
SEARCH,fr,ğŸ” Recherche
SEARCH_IN_CHATS,en,ğŸ” Search in chats
SEARCH_IN_CHATS,es,ğŸ” Buscar en chats 
SEARCH_IN_CHATS,he,ğŸ” ×—×™×¤×•×© ×‘×¦××˜×™×
SEARCH_IN_CHATS,yi,×¡×¢×¨×˜×© ××™×Ÿ ×“×™ ×˜×©××˜×¡
SEARCH_IN_CHATS,fr,ğŸ” Recherche dans les chats
SEARCH_INLINE,en,ğŸ” Inline Search
SEARCH_INLINE,es,ğŸ” BÃºsqueda inline 
SEARCH_INLINE,he,ğŸ” ×—×™×¤×•×© ×‘××™× ×œ×™×™×Ÿ
SEARCH_INLINE,yi,ğŸ” ××™× ×œ×™×™×Ÿ ×¡×¢×¨×˜×©
SEARCH_INLINE,fr,ğŸ” Recherche en ligne
SEARCH_INSTRUCTIONS,en,"ğŸ” To search for a book, send a message with your search query"
SEARCH_INSTRUCTIONS,es,"ğŸ” Para buscar un libro, envÃ­a un mensaje con tu consulta de bÃºsqueda "
SEARCH_INSTRUCTIONS,he,"ğŸ” ×›×“×™ ×œ×—×¤×© ×¡×¤×¨, ×©×œ×—×• ×”×•×“×¢×” ×¢× ××™×œ×•×ª ×”×—×™×¤×•×©"
SEARCH_INSTRUCTIONS,yi,"ğŸ” ×›×“×™ ×¦×• ×¡×¢×¨×˜×©×™×Ÿ × ×¡×¤×¨, ×©×™×§ × ××¢×¡×¢×“×–×© ××™×˜ ×“×™ ×¡×¢×¨×˜×© ×§×•×•×¢×¨×™"
SEARCH_INSTRUCTIONS,fr,"ğŸ” Pour rechercher un livre, envoyez un message avec votre requÃªte de recherche"
SEARCH_RESULTS,en,ğŸ“š Results ğŸ“š
SEARCH_RESULTS,es,ğŸ“š Resultados ğŸ“š 
SEARCH_RESULTS,he,ğŸ“š ×ª×•×¦××•×ª ×—×™×¤×•×© ğŸ“š
SEARCH_RESULTS,yi,ğŸ“š ×ª×•×¦××•×ª ğŸ“š
SEARCH_RESULTS,fr,ğŸ“š RÃ©sultats ğŸ“š
SEARCH_TIP,en,Tip: You can search in the 'Title:Author' format in order to get more accurate results
SEARCH_TIP,es,Consejo: Puedes buscar en el formato â€˜TÃ­tulo:Autorâ€™ para obtener resultados mÃ¡s precisos 
SEARCH_TIP,he,×˜×™×¤: × ×™×ª×Ÿ ×œ×—×¤×© ×‘×¤×•×¨××˜ '×›×•×ª×¨×ª:××—×‘×¨' ×¢×œ ×× ×ª ×œ×§×‘×œ ×ª×•×¦××•×ª ××“×•×™×™×§×•×ª
SEARCH_TIP,yi,×¢×¦×”: ××™×¨ ×§×¢× ×˜ ×¡×¢×¨×˜×©×™×Ÿ ××™×˜ ×“×¢× ×¤××¨×××˜ '×˜×™×˜×œ: ××—×‘×¨' ×›Ö¼×“×™ ×¦×• ×‘×Ö·×§×•××¢×Ÿ ××¢×¨ ×¤Ö¼×™× ×§×˜×œ×¢×›×¢ ×ª×•×¦××•×ª
SEARCH_TIP,fr,Conseil : Vous pouvez effectuer une recherche au format Â« Titre : Auteur Â» afin d'obtenir des rÃ©sultats plus prÃ©cis.
SEARCHING_FOR_Q,en,ğŸ” Searching for: {q}
SEARCHING_FOR_Q,es,ğŸ” Buscando: {q} 
SEARCHING_FOR_Q,he,"ğŸ” ××ª×‘×¦×¢ ×—×™×¤×•×© ×¢×‘×•×¨: ""{q}"""
SEARCHING_FOR_Q,yi,"ğŸ” ××¢×Ÿ ×¡×¢×¨×˜×©×˜ ×¤××¨: ""{q}"""
SEARCHING_FOR_Q,fr,ğŸ” Recherche : {q}
SHARE,en,â™»ï¸ Share â™»ï¸
SHARE,es,â™»ï¸ Compartir â™»ï¸ 
SHARE,he,â™»ï¸ ×©×™×ª×•×£ â™»ï¸
SHARE,yi,â™»ï¸ ×©×¢×¨â™»ï¸
SHARE,fr,â™»ï¸ Partager â™»ï¸
SHAS,en,ğŸ“š Shas
SHAS,es, ğŸ“š Shas 
SHAS,he,"ğŸ“š ×©""×¡"
SHAS,yi,"ğŸ“š ×©""×¡"
SHAS,fr,ğŸ“š Shas
SHAS_CMD,en,"!shas ×‘×¨×›×•×ª, ×™×–:"
SHAS_CMD,es,"!shas ×‘×¨×›×•×ª, ×™×–"
SHAS_CMD,he,"!×©×¡ ×‘×¨×›×•×ª, ×™×–:"
SHAS_CMD,yi,"!×©''×¡ ×‘×¨×›×•×ª, ×™×–:"
SHAS_CMD,fr,"!shas ×‘×¨×›×•×ª, ×™×–:"
SHOW_STATS,en,"ğŸ“Š Bot Stats ğŸ“Š

ğŸ“š Books read: {books_read:,}
ğŸ“– Pages read: {pages_read:,}
ğŸ” Searches: {searches:,}"
SHOW_STATS,es,"ğŸ“Š EstadÃ­sticas del bot ğŸ“Š
ğŸ“š Libros leÃ­dos: {books_read:,} 
ğŸ“– PÃ¡ginas leÃ­das: {pages_read:,} 
ğŸ” BÃºsquedas: {searches:,}
"
SHOW_STATS,he,"ğŸ“Š ×¡×˜×˜×™×¡×˜×™×§×•×ª ×”×‘×•×˜ ğŸ“Š

ğŸ“š ×¡×¤×¨×™× × ×§×¨××•: {books_read:,}
ğŸ“– ×“×¤×™× × ×§×¨××•: {pages_read:,}
ğŸ” ×—×™×¤×•×©×™×: {searches:,}"
SHOW_STATS,yi,"ğŸ“Š ×‘××˜ ×¡×˜×¢×˜×¡ ğŸ“Š 

ğŸ“š×‘×™×›×¢×¨ ×’×¢×œ×™×™× ×˜: {books_read:,}
ğŸ“–×‘×œ×¢×˜×¢×¨ ×’×¢×œ×™×™× ×˜: {pages_read:,}
ğŸ” ×¡×¢×¨×˜×©×™×¡: {searches:,}"
SHOW_STATS,fr,"ğŸ“Š Statistiques du bot ğŸ“Š
 

 ?? Livres lus : {books_read :,}
 ?? Pages lues : {pages_read :,}
 ?? Recherches : {recherches :,}"
SHOW_STATS_ADMIN,en,"ğŸ“Š Bot Stats ğŸ“Š

ğŸ‘¥ Telegram users: {tg_users_count:,}
ğŸ‘¥ WhatsApp users: {wa_users_count:,}
ğŸ“š Books read: {books_read:,}
ğŸ“– Pages read: {pages_read:,}
ğŸ” Inline Searches: {inline_searches:,}
ğŸ’¬ Message Searches: {msg_searches:,}
â­ Jumps to page: {jumps:,}"
SHOW_STATS_ADMIN,es,"ğŸ“Š EstadÃ­sticas del bot ğŸ“Š
ğŸ‘¥ Usuarios de Telegram: {tg_users_count:,} 
ğŸ‘¥ Usuarios de WhatsApp: {wa_users_count:,} 
ğŸ“š Libros leÃ­dos: {books_read:,} 
ğŸ“– PÃ¡ginas leÃ­das: {pages_read:,} 
ğŸ” BÃºsquedas inline: {inline_searches:,} 
ğŸ’¬ BÃºsquedas por mensaje: {msg_searches:,} 
â­ Saltos a pÃ¡gina: {jumps:,}
"
SHOW_STATS_ADMIN,he,"ğŸ“Š ×¡×˜×˜×™×¡×˜×™×§×•×ª ×”×‘×•×˜ ğŸ“Š

ğŸ‘¥ ××©×ª××©×™ ×˜×œ×’×¨×: {tg_users_count:,}
ğŸ‘¥ ××©×ª××©×™ ×•×•××˜×¡××¤: {wa_users_count:,}
ğŸ“š ×¡×¤×¨×™× × ×§×¨××•: {books_read:,}
ğŸ“– ×“×¤×™× × ×§×¨××•: {pages_read:,}
ğŸ” ×—×™×¤×•×©×™× ×‘××™× ×œ×™×™×Ÿ: {inline_searches:,}
ğŸ’¬ ×—×™×¤×•×©×™× ×‘×”×•×“×¢×•×ª: {msg_searches:,}
â­ ×§×¤×™×¦×•×ª ×œ×“×£: {jumps:,}"
SHOW_STATS_ADMIN,yi,"ğŸ“Š ×‘××˜ ×¡×˜×¢×˜×¡ ğŸ“Š

ğŸ‘¥ ×˜×¢×œ×¢×’×¨×× ×‘×× ×•×¦×¢×¨×¡: {tg_users_count:,}
ğŸ‘¥ ×•×•××¦××¤ ×‘×× ×•×¦×¢×¨×¡: {wa_users_count:,}
ğŸ“š ×¡×¤×¨×™× ×’×¢×œ×™×™× ×˜: {books_read:,}
ğŸ“– ×‘×œ×¢×˜×¢×¨ ×’×¢×œ×™×™× ×˜: {pages_read:,}
ğŸ” ××™× ×œ×™×™×Ÿ ×¡×¢×¨×˜×©×™×¡: {inline_searches:,}
ğŸ’¬××¢×¡×¢×“×–×© ×¡×¢×¨×˜×©×™×¡: {msg_searches:,}
â­ ×”×™×¤×˜ ×¦×• ×“×™ ×‘×œ××˜: {jumps:,}"
SHOW_STATS_ADMIN,fr,"ğŸ“Š Statistiques du bot ğŸ“Š

 ?? Utilisateurs de Telegram : {tg_users_count:,}
 ?? Utilisateurs de WhatsApp : {wa_users_count:,}
 ?? Livres lus : {books_read :,}
 ?? Pages lues : {pages_read :,}
 ?? Recherches en ligne : {inline_searches:,}
 ?? Recherches de messages : {msg_searches:,}
 ? Passe Ã  la page : {jumps:,}"
SLOW_DOWN,en,Slow down...
SLOW_DOWN,es,Desacelerarâ€¦
SLOW_DOWN,he,×× ×™ ×œ× ××œ××š.. ×œ××˜ ×™×•×ª×¨
SLOW_DOWN,yi,×©×˜××¨×˜...
SLOW_DOWN,fr,Ralentir...
START_SEARCH_INLINE,en,Start searching
START_SEARCH_INLINE,es,Empieza a buscar 
START_SEARCH_INLINE,he,×”×ª×—×™×œ×• ×œ×—×¤×©
START_SEARCH_INLINE,yi,×”×™×™×‘ ××”×Ÿ ×¦×• ×¡×¢×¨×˜×©×™×Ÿ
START_SEARCH_INLINE,fr,Commencer la recherche
STATS,en,ğŸ“Š Stats
STATS,es,ğŸ“Š EstadÃ­sticas 
STATS,he,ğŸ“Š ×¡×˜×˜×™×¡×˜×™×§×•×ª
STATS,yi," ğŸ“Š ×¡×˜××˜×¡"
STATS,fr,ğŸ“Š Statistiques
SUBJECTS,en,ğŸ—‚ Subjects
SUBJECTS,es,ğŸ—‚ Temas 
SUBJECTS,he,ğŸ—‚ × ×•×©××™×
SUBJECTS,yi,ğŸ—‚ ×¡××‘×–×©×¢×§×˜×¡
SUBJECTS,fr,?? Sujets
SUBJECTS_CMD,en,"!sub, ××•×¡×¨"
SUBJECTS_CMD,es,"!tem, ××•×¡×¨ "
SUBJECTS_CMD,he,"!× ×•×©×, ××•×¡×¨"
SUBJECTS_CMD,yi,"!×¡××‘×“×–×©×¢×§×˜, ××•×¡×¨"
SUBJECTS_CMD,fr,"!sub, ××•×¡×¨"
TEXT,en,ğŸ“œ Text
TEXT,es,ğŸ“œ Texto 
TEXT,he,ğŸ“œ ×˜×§×¡×˜
TEXT,yi,ğŸ“œ ×˜×¢×§×¡×˜
TEXT,fr,ğŸ“œ Texte
TG_WELCOME,en,"**ğŸ“š Welcome to the HebrewBook bot on Telegram! ğŸ“š**

This bot allows searching and browsing books on hebrewbooks.org

**âš¡ï¸ Features:**
	ğŸ” Searching for books in inline mode or by sending a message
	ğŸ““ Browsing through the Shas masechtot
	ğŸ“š Browse the library by category, date or letter
	ğŸ“– Reading mode as an image or as a PDF (text coming soon)
	â© Jump to page
	â™»ï¸ Sharing books with friends

**ğŸ’¡ Tips:**
	â€¢ To search for a book by title or author, use the format `title:author`
	â€¢ In Read Mode, you can jump to a page by replying to the message with the page number

**ğŸ”œ Coming soon:**
	â€¢ Search the contents of the books
	â€¢ Saving favorite books and bookmarks
	â€¢ Change language manually

__ğŸ•¯ In memory of my grandfather, Rabbi Aharon Yitzchak ben Shmuel Zanvil z""l ğŸ•¯__"
TG_WELCOME,es,"ğŸ“š Bienvenido al bot de HebrewBook en Telegram! ğŸ“š
Este bot te permite buscar y explorar libros en hebrewbooks.org
âš¡ï¸ CaracterÃ­sticas: 
ğŸ” Buscar libros en modo inline o enviando un mensaje 
ğŸ““ Explorar los masechtot del Shas 
ğŸ“š Navegar por la biblioteca por categorÃ­a, fecha o letra 
ğŸ“– Modo de lectura como imagen o como PDF (texto prÃ³ximamente) 
â© Saltar a la pÃ¡gina 
â™»ï¸ Compartir libros con amigos
ğŸ’¡ Consejos: 
â€¢ Para buscar un libro por tÃ­tulo o autor, usa el formato tÃ­tulo:autor 
â€¢ En el modo de lectura, puedes saltar a una pÃ¡gina respondiendo al mensaje con el nÃºmero de pÃ¡gina
ğŸ”œ PrÃ³ximamente: 
â€¢ Buscar el contenido de los libros 
â€¢ Guardar libros favoritos y marcadores 
â€¢ Cambiar el idioma manualmente
ğŸ•¯ En memoria de mi abuelo, el rabino Aharon Yitzchak ben Shmuel Zanvil z""""lğŸ•¯
"
TG_WELCOME,he,"**ğŸ“š ×‘×¨×•×›×™× ×”×‘××™× ×œ×‘×•×˜ ×”×™×‘×¨×•×‘×•×§×¡ ×‘×˜×œ×’×¨×! ğŸ“š**

×‘×•×˜ ×–×” ×××¤×©×¨ ×œ×—×¤×© ×•×œ×¢×™×™×Ÿ ×‘×¡×¤×¨×™× ×‘××ª×¨ hebrewbooks.org

**âš¡ï¸ ×¤×™×¦'×¨×™×:**
	ğŸ” ×—×™×¤×•×© ×¡×¤×¨×™× ×‘××¦×‘ ××™× ×œ×™×™×Ÿ ××• ×¢×œ ×™×“×™ ×©×œ×™×—×ª ×”×•×“×¢×”
	ğŸ““ ×¢×™×•×Ÿ ×‘××¡×›×ª×•×ª ×”×©""×¡
	ğŸ“š ×¢×™×•×Ÿ ×‘×¡×¤×¨×™×” ×œ×¤×™ ×§×˜×’×•×¨×™×”, ×ª××¨×™×š ××• ××•×ª
	ğŸ“– ××¦×‘ ×§×¨×™××” ×›×ª××•× ×” ××• ×›×§×•×‘×¥ PDF (×˜×§×¡×˜ ×‘×§×¨×•×‘)
	âª ×§×¤×™×¦×” ×œ×¢××•×“
	â™»ï¸ ×©×™×ª×•×£ ×¡×¤×¨×™× ×¢× ×—×‘×¨×™×

**ğŸ’¡ ×˜×™×¤×™×:**
	â€¢ ×›×“×™ ×œ×—×¤×© ×¡×¤×¨ ×œ×¤×™ ×›×•×ª×¨×ª ××• ××—×‘×¨, ×”×©×ª××©×• ×‘×¤×•×¨××˜ `×›×•×ª×¨×ª:××—×‘×¨`
	â€¢ ×‘××¦×‘ ×§×¨×™××”, × ×™×ª×Ÿ ×œ×§×¤×•×¥ ×œ×“×£ ××¡×•×™× ×¢×œ ×™×“×™ ×ª×’×•×‘×” ×œ×”×•×“×¢×” ×¢× ××¡×¤×¨ ×”×“×£

**ğŸ”œ ×‘×§×¨×•×‘:**
	â€¢ ×—×™×¤×•×© ×‘×ª×•×›×Ÿ ×”×¡×¤×¨×™×
	â€¢ ×©××™×¨×ª ×¡×¤×¨×™× ××•×¢×“×¤×™× ×•×¡×™×× ×™×•×ª
	â€¢ ×©×™× ×•×™ ×©×¤×” ×‘××•×¤×Ÿ ×™×“× ×™

__ğŸ•¯ ×œ×¢×™×œ×•×™ × ×©××ª ×¡×‘×™, ×”×¨×‘ ××”×¨×Ÿ ×™×¦×—×§ ×‘×Ÿ ×©××•××œ ×–× ×•×•×™×œ ×–""×œ ğŸ•¯__"
TG_WELCOME,yi,"**ğŸ“š ×‘×¨×•×›×™× ×”×‘××™× ×¦×• ×“×¢×¨ ×”×™×‘×¨×•×‘×•×§×¡ ×‘××˜ ××•×™×£ ×˜×¢×œ×¢×’×¨×Ö·×! ğŸ“š**

×“×¢×¨ ×‘××˜ ×¢×¨×œ×•×™×‘×˜ ×¡×¢×¨×˜×©×™×Ÿ ××•×Ÿ ×‘×¨××•×™×–×™×Ÿ ×‘×™×›×¢×¨ ××•×™×£ hebrewbooks.org

**âš¡ï¸×¤×™×˜×©×¢×¨×¡:**
ğŸ”×¡×¢×¨×˜×©×˜ ×‘×™×›×¢×¨ ×“×•×¨×š ××™× ×œ×™×™×Ÿ ×××•×™×“ ××“×¢×¨ ×“×•×¨×š ×©×™×§×¢×Ÿ × ××¢×¡×¢×“×–×©
 ğŸ““ ×‘×¨××•×™×–×˜ ××“×•×¨×š ×“×¢×¨ ××¡×›×ª×•×ª ××™×Ÿ ×©''×¡
ğŸ“š ×‘×¨××•×™×– ×“×¢×¨ ××•×¦×¨ ×œ×•×™×˜ ×“×™ ×§××˜×¢×’××¨×™, ×“××˜×•× , ××“×¢×¨ ××•×ª
 ğŸ“– ×œ×™×™× ×¢×Ÿ ×××•×™×“ ×•×•×™ × ×‘×™×œ×“ ××“×¢×¨ ×•×•×™ × PDF (×˜×¢×§×¡×˜ ×§×•××˜ ×‘××œ×“) 
 âª ×”×™×¤×˜ ×¦×• ×“×¢×¨ ×‘×œ××˜
 â™»ï¸ ×©×¢×¨ ×‘×™×›×¢×¨ ××™×˜ ×—×‘×¨×™×

*ğŸ’¡ ×¢×¦×•×ª:*
â€¢ ×›×“×™ ×¦×• ×¡×¢×¨×˜×©×™×Ÿ ×¤××¨ × ×‘×™×š ×œ×•×™×˜ ×“×¢×¨ ×˜×™×˜×¢×œ ××“×¢×¨ × ××—×‘×¨, × ×•×¥ ×“×¢×¨ ×¤××¨×××˜ 'title: author'     
â€¢ ××™×Ÿ ×œ×™×™× ×¢×Ÿ ×××•×™×“, ××¢×Ÿ ×§×¢×Ÿ ×”×™×¤×¢×Ÿ ×¦×• × ×‘×œ××˜ ×“×•×¨×š ×¢× ×˜×¤×¢×¨×™×Ÿ ×“×¢× ××¢×¡×¢×“×–×© ××™×˜ ×“×¢×¨ ×‘×œ××˜ × ×××‘×¢×¨

**ğŸ”œ ×§×•××˜ ×‘××œ×“:**
        â€¢ ×¡×¢×¨×˜×© ×“×¢×¨ ××™× ×”××œ×˜ ×¤×•×Ÿ ×“×¢×¨ ×‘×™×›×¢×¨
        â€¢ ×©×¤××¨×˜ ×“×¢×¨ ×‘××œ×™×‘×¡×˜×¢ ×‘×™×›×¢×¨ ××•×Ÿ ×‘×•×§×××¨×§×¡
        â€¢ ×˜×•×™×© ×“×¢×¨ ×©×¤×¨××š ××× ×™×•××œ×™

__ğŸ•¯ ×œ×¢×™×œ×•×™ × ×©××ª ××™×™×Ÿ ×–×™×™×“×¢, ×”×¨×‘ ××”×¨×Ÿ ×™×¦×—×§ ×‘×Ÿ ×©××•××œ ×–× ×•×•×™×œ ×–""×œ  ğŸ•¯__"
TG_WELCOME,fr,**?? Bienvenue sur le bot HebrewBook
TUR_AND_SA,en,ğŸ““ Tur & Shulchan Aruch
TUR_AND_SA,es,ğŸ““ Tur & ShuljÃ¡n Aruj 
TUR_AND_SA,he,ğŸ““ ×˜×•×¨ ×•×©×•×œ×—×Ÿ ×¢×¨×•×š
TUR_AND_SA,yi,ğŸ““ ×˜×•×¨ ××•×Ÿ ×©×•×œ×—×Ÿ ×¢×¨×•×š
TUR_AND_SA,fr,?? Tur & Shulchan Aruch
TUR_AND_SA_CMD,en,"!tur, ×˜×•×¨ ×™×•×¨×” ×“×¢×” ×§×›×– ×’"
TUR_AND_SA_CMD,es,"!tur, ×˜×•×¨ ×™×•×¨×” ×“×¢×” ×§×›×– ×’ "
TUR_AND_SA_CMD,he,"!×˜×•×¨, ×˜×•×¨ ×™×•×¨×” ×“×¢×” ×§×›×– ×’"
TUR_AND_SA_CMD,yi,"!×˜×•×¨, ×˜×•×¨ ×™×•×¨×” ×“×¢×” ×§×›×– ×’"
TUR_AND_SA_CMD,fr,"!tur, ×˜×•×¨ ×™×•×¨×” ×“×¢×” ×§×›×– ×’"
BOT_UNDER_MAINTENANCE,en,The bot is currently under maintenance. Please try again later.
BOT_UNDER_MAINTENANCE,es,"El bot estÃ¡ actualmente en mantenimiento. Por favor, intÃ©ntalo mÃ¡s tarde. "
BOT_UNDER_MAINTENANCE,he,×”×‘×•×˜ ×›×¨×’×¢ ×‘×ª×—×–×•×§×”. × × ×œ× ×¡×•×ª ×©×•×‘ ×××•×—×¨ ×™×•×ª×¨.
BOT_UNDER_MAINTENANCE,yi,"×“×™ ×‘××˜ ×•×•×¢×¨×˜ ×™×¢×¦×˜ ×¨×™×¤×¢×¨×“. ×‘×™×˜×¢, ×¤×¨×¢×‘×™×¨ ×©×¤×¢×˜×¢×¨."
BOT_UNDER_MAINTENANCE,fr,Le bot est actuellement en maintenance. Veuillez rÃ©essayer plus tard.
FEATURE_UNDER_MAINTENANCE,en,This feature is currently under maintenance. Please try again later.
FEATURE_UNDER_MAINTENANCE,es,"Esta funciÃ³n estÃ¡ actualmente en mantenimiento. Por favor, intÃ©ntalo mÃ¡s tarde. "
FEATURE_UNDER_MAINTENANCE,he,×¤×™×¦'×¨ ×–×” ×›×¨×’×¢ ×‘×ª×—×–×•×§×”. × × ×œ× ×¡×•×ª ×©×•×‘ ×××•×—×¨ ×™×•×ª×¨.
FEATURE_UNDER_MAINTENANCE,yi,"×“×¢×¨ ×¤×™×˜×©×¢×¨ ××™×– ×™×¢×¦×˜ ×¨×™×¤×¢×¨×“. ×‘×™×˜×¢, ×¤×¨×¢×‘×™×¨ ×©×¤×¢×˜×¢×¨."
FEATURE_UNDER_MAINTENANCE,fr,Cette fonctionnalitÃ© est actuellement en maintenance. Veuillez rÃ©essayer plus tard.
WA_ABOUT_MSG,en,"This bot was built with the aim of making the content of the hebrewbooks.org website accessible via WhatsApp.

An improved version of the bot is also available on Telegram: t.me/hebooksbot

The bot was built using the pywa library github.com/david-lev/pywa"
WA_ABOUT_MSG,es,"Este bot fue creado con el objetivo de hacer accesible el contenido del sitio web hebrewbooks.org a travÃ©s de WhatsApp.

Una versiÃ³n mejorada del bot tambiÃ©n estÃ¡ disponible en Telegram: t.me/hebooksbot

El bot fue construido usando la biblioteca pywa github.com/david-lev/pywa
"
WA_ABOUT_MSG,he,"*×‘×•×˜ ×–×” × ×‘× ×” ×‘××˜×¨×” ×œ×”× ×’×™×© ××ª ×ª×•×›×Ÿ ××ª×¨ hebrewbooks.org ×‘×××¦×¢×•×ª ×•×•××˜×¡××¤.*


×’×¨×¡×” ××©×•×¤×¨×ª ×©×œ ×”×‘×•×˜ ×§×™×™××ª ×’× ×‘×˜×œ×’×¨×: t.me/hebooksbot

×”×‘×•×˜ × ×‘× ×” ×‘×××¦×¢×•×ª ×¡×¤×¨×™×™×ª pywa github.com/david-lev/pywa"
WA_ABOUT_MSG,yi,"*×“×¢×¨ ×‘×Ö¸×˜ ××™×– ×’×¢×××›×˜ ×’×¢×•×•××¨×¢×Ÿ ××™×˜ ×“×¢×¨ ×¦×™×œ ×¦×• ×××›×Ÿ ×“×™ ××™× ×”×Ö·×œ×˜ ×¤×•×Ÿ ×“×™ hebrewbooks.org ×•×•×¢×‘×¡×™×™×˜ ××‘×¢×™×œ××‘×™×œ ×“×•×¨×š ×•×•××¦××¤.*


× ×¤×¨×™×©×¢ ×•×•×¢×¨×¡×™×¢ ×¤×•×Ÿ â€‹â€‹×“×™ ×‘××˜ ××™×– ××•×™×š ×‘× ×™××¦× ××•×™×£ ×˜×¢×œ×¢×’×¨××: t.me/hebooksbot"
WA_ABOUT_MSG,fr,"Ce bot a Ã©tÃ© construit dans le but de rendre le contenu du site hebrewbooks.org accessible via WhatsApp.
 

 Une version amÃ©liorÃ©e du bot est Ã©galement disponible sur Telegram : t.me/hebooksbot
 

 Le bot a Ã©tÃ© construit Ã  l'aide de la bibliothÃ¨que pywa github.com/david-lev/pywa"
WA_WELCOME_BODY,en,"This bot allows searching and browsing books on hebrewbooks.org

*âš¡ï¸ Features:*
ğŸ” Searching for books by sending a message
ğŸ“– Reading mode as an image or as a PDF (text coming soon)
â© Jump to page
â™»ï¸ Sharing books with friends

*ğŸ’¡ Tips:*
â€¢ To search for a book by title or author, use the format ```title:author```
â€¢ You can jump to a page by replying to book with the page number

*ğŸ”œ Coming soon:*
â€¢ Browse the library by category, date or letter
â€¢ Browsing through the Shas masechtot
â€¢ Search the contents of the books
â€¢ Saving favorite books and bookmarks
â€¢ Change language manually
"
WA_WELCOME_BODY,es,"Este bot te permite buscar y explorar libros en hebrewbooks.org
âš¡ï¸ CaracterÃ­sticas: 
ğŸ” Buscar libros enviando un mensaje 
ğŸ“– Modo de lectura como imagen o como PDF (texto prÃ³ximamente) 
â© Saltar a la pÃ¡gina 
â™»ï¸ Compartir libros con amigos
ğŸ’¡ Consejos: 
â€¢ Para buscar un libro por tÃ­tulo o autor, usa el formato tÃ­tulo:autor 
â€¢ Puedes saltar a una pÃ¡gina respondiendo al libro con el nÃºmero de pÃ¡gina
ğŸ”œ PrÃ³ximamente: 
â€¢ Navegar por la biblioteca por categorÃ­a, fecha o letra 
â€¢ Explorar los masechtot del Shas 
â€¢ Buscar el contenido de los libros 
â€¢ Guardar libros favoritos y marcadores 
â€¢ Cambiar el idioma manualmente 
"
WA_WELCOME_BODY,he,"×‘×•×˜ ×–×” ×××¤×©×¨ ×œ×—×¤×© ×•×œ×¢×™×™×Ÿ ×‘×¡×¤×¨×™× ×‘××ª×¨ hebrewbooks.org

*âš¡ï¸ ×¤×™×¦'×¨×™×:*
ğŸ” ×—×™×¤×•×© ×¡×¤×¨×™× ×¢×œ ×™×“×™ ×©×œ×™×—×ª ×”×•×“×¢×”
ğŸ“– ××¦×‘ ×§×¨×™××” ×›×ª××•× ×” ××• ×›×§×•×‘×¥ PDF (×˜×§×¡×˜ ×‘×§×¨×•×‘)
âª ×§×¤×™×¦×” ×œ×¢××•×“
â™»ï¸ ×©×™×ª×•×£ ×¡×¤×¨×™× ×¢× ×—×‘×¨×™×

*ğŸ’¡ ×˜×™×¤×™×:*
â€¢ ×›×“×™ ×œ×—×¤×© ×¡×¤×¨ ×œ×¤×™ ×›×•×ª×¨×ª ××• ××—×‘×¨, ×”×©×ª××©×• ×‘×¤×•×¨××˜ ```×›×•×ª×¨×ª:××—×‘×¨```
â€¢ ×›×“×™ ×œ×§×¤×•×¥ ×œ×“×£ ××¡×•×™×, ×”×’×™×‘×• ×¢×œ ×”×¡×¤×¨ ×¢× ××¡×¤×¨ ×“×£

*ğŸ”œ ×‘×§×¨×•×‘:*
â€¢ ×¢×™×•×Ÿ ×‘×¡×¤×¨×™×” ×œ×¤×™ ×§×˜×’×•×¨×™×”, ×ª××¨×™×š ××• ××•×ª
â€¢ ×¢×™×•×Ÿ ×‘××¡×›×ª×•×ª ×”×©""×¡
â€¢ ×—×™×¤×•×© ×‘×ª×•×›×Ÿ ×”×¡×¤×¨×™×
â€¢ ×©××™×¨×ª ×¡×¤×¨×™× ××•×¢×“×¤×™× ×•×¡×™×× ×™×•×ª
â€¢ ×©×™× ×•×™ ×©×¤×” ×‘××•×¤×Ÿ ×™×“× ×™
"
WA_WELCOME_BODY,yi,"**ğŸ“š ×‘×¨×•×›×™× ×”×‘××™× ×¦×• ×“×¢×¨ ×”×™×‘×¨×•×‘×•×§×¡ ×‘××˜ ××•×™×£ ×˜×¢×œ×¢×’×¨×Ö·×! ğŸ“š**

×“×¢×¨ ×‘××˜ ×¢×¨×œ×•×™×‘×˜ ×¡×¢×¨×˜×©×™×Ÿ ××•×Ÿ ×‘×¨××•×™×–×™×Ÿ ×‘×™×›×¢×¨ ××•×™×£ hebrewbooks.org

**âš¡ï¸×¤×™×˜×©×¢×¨×¡:**
ğŸ”×¡×¢×¨×˜×©×˜ ×‘×™×›×¢×¨ ×“×•×¨×š ××™× ×œ×™×™×Ÿ ×××•×™×“ ××“×¢×¨ ×“×•×¨×š ×©×™×§×¢×Ÿ × ××¢×¡×¢×“×–×©
 ğŸ““ ×‘×¨××•×™×–×˜ ××“×•×¨×š ×“×¢×¨ ××¡×›×ª×•×ª ××™×Ÿ ×©''×¡
ğŸ“š ×‘×¨××•×™×– ×“×¢×¨ ××•×¦×¨ ×œ×•×™×˜ ×“×™ ×§××˜×¢×’××¨×™, ×“××˜×•×, ××“×¢×¨ ××•×ª
 ğŸ“– ×œ×™×™× ×¢×Ÿ ×××•×™×“ ×•×•×™ × ×‘×™×œ×“ ××“×¢×¨ ×•×•×™ × PDF (×˜×¢×§×¡×˜ ×§×•××˜ ×‘××œ×“) 
 âª ×”×™×¤×˜ ×¦×• ×“×¢×¨ ×‘×œ××˜
 â™»ï¸ ×©×¢×¨ ×‘×™×›×¢×¨ ××™×˜ ×—×‘×¨×™×

*ğŸ’¡ ×¢×¦×•×ª:*
â€¢ ×›×“×™ ×¦×• ×¡×¢×¨×˜×©×™×Ÿ ×¤××¨ × ×‘×™×š ×œ×•×™×˜ ×“×¢×¨ ×˜×™×˜×¢×œ ××“×¢×¨ × ××—×‘×¨, × ×•×¥ ×“×¢×¨ ×¤××¨×××˜ 'title: author'     
â€¢ ××™×Ÿ ×œ×™×™× ×¢×Ÿ ×××•×™×“, ××¢×Ÿ ×§×¢×Ÿ ×”×™×¤×¢×Ÿ ×¦×• × ×‘×œ××˜ ×“×•×¨×š ×¢× ×˜×¤×¢×¨×™×Ÿ ×“×¢× ××¢×¡×¢×“×–×© ××™×˜ ×“×¢×¨ ×‘×œ××˜ × ×××‘×¢×¨

**ğŸ”œ ×§×•××˜ ×‘××œ×“:**
        â€¢ ×¡×¢×¨×˜×© ×“×¢×¨ ××™× ×”××œ×˜ ×¤×•×Ÿ ×“×¢×¨ ×‘×™×›×¢×¨
        â€¢ ×©×¤××¨×˜ ×“×¢×¨ ×‘××œ×™×‘×¡×˜×¢ ×‘×™×›×¢×¨ ××•×Ÿ ×‘×•×§×××¨×§×¡
        â€¢ ×˜×•×™×© ×“×¢×¨ ×©×¤×¨××š ××× ×™×•××œ×™

__ğŸ•¯ ×œ×¢×™×œ×•×™ × ×©××ª ××™×™×Ÿ ×–×™×™×“×¢, ×”×¨×‘ ××”×¨×Ÿ ×™×¦×—×§ ×‘×Ÿ ×©××•××œ ×–× ×•×•×™×œ ×–""×œ  ğŸ•¯__"
WA_WELCOME_BODY,fr,"Ce bot permet de rechercher et de parcourir des livres sur hebrewbooks.org
 

 *?? CaractÃ©ristiques:*
 ?? Rechercher des livres en envoyant un message
 ?? Mode lecture sous forme d'image ou sous forme de PDF (texte Ã  venir)
 ? Aller Ã  la page
 ?? Partager des livres avec des amis
 

 *?? Conseils:*
 â€¢ Pour rechercher un livre par titre ou par auteur, utilisez le format ```titre:auteur```
 â€¢ Vous pouvez accÃ©der Ã  une page en rÃ©pondant au livre avec le numÃ©ro de page.
 

 *?? Ã€ venir:*
 â€¢ Parcourez la bibliothÃ¨que par catÃ©gorie, date ou lettre
 â€¢ Parcourir le masechtot du Shas
 â€¢ Rechercher dans le contenu des livres
 â€¢ Enregistrer vos livres et signets prÃ©fÃ©rÃ©s
 â€¢ Changer la langue manuellement"
WA_WELCOME_HEADER,en,"ğŸ“š Welcome to the HebrewBook bot on WhatsApp! ğŸ“š"
WA_WELCOME_HEADER,es,ğŸ“š Bienvenido al bot de HebrewBook en WhatsApp! ğŸ“š
WA_WELCOME_HEADER,he,"ğŸ“š ×‘×¨×•×›×™× ×”×‘××™× ×œ×‘×•×˜ ×”×™×‘×¨×•×‘×•×§×¡ ×‘×•×•××˜×¡××¤! ğŸ“š"
WA_WELCOME_HEADER,yi,×‘×¨×•×›×™× ×”×‘××™× ×¦×• ×“×¢×¨ ×”×™×‘×¨×•×‘×•×§×¡ ×‘××˜ ××•×™×£ ×•×•××¦××¤! 
WA_WELCOME_HEADER,fr,?? Bienvenue sur le bot HebrewBook
WAIT_FOR_PREVIEW,en,Wait a few seconds for the preview to load
WAIT_FOR_PREVIEW,es,Espera unos segundos para que se cargue la vista previa 
WAIT_FOR_PREVIEW,he,×™×© ×œ×”××ª×™×Ÿ ××¡×¤×¨ ×©× ×™×•×ª ×œ×˜×¢×™× ×ª ×”×ª×¦×•×’×” ×”××§×“×™××”
WAIT_FOR_PREVIEW,yi,×•×•××¨×˜ × ×¤××¨ ×¡×§×•× ×“×¢×¨×¡ ×¤××¨ ×“×™ ×¤×¨×™×•×•×™×• ×¦×• ×œ××“×™×Ÿ
WAIT_FOR_PREVIEW,fr,Attendez quelques secondes que l'aperÃ§u se charge
WAIT_X_MINUTES,en,You need to wait {x} minutes before getting the book/page.
WAIT_X_MINUTES,es,Necesitas esperar {x} minutos antes de obtener el libro/pÃ¡gina. 
WAIT_X_MINUTES,he,×¢×œ×™×›× ×œ×”××ª×™×Ÿ {x} ×“×§×•×ª ×œ×¤× ×™ ×©×ª×•×›×œ×• ×œ×§×‘×œ ××ª ×”×¡×¤×¨/×¢××•×“.
WAIT_X_MINUTES,yi,××™×¨ ×“××¨×¤×˜ ×•×•××¨×˜×¢×Ÿ {x} ××™× ×•×˜×¢×Ÿ ×‘×¢×¤××¨ ××™×¨ ×§×¢× ×˜ ×‘××§×•××¢×Ÿ ×“×¢×¨ ×¡×¤×¨/×‘×œ××˜.
WAIT_X_MINUTES,fr,Vous devez attendre {x} minutes avant d'obtenir le livre/la page.
WAIT_X_SECONDS,en,You need to wait {x} seconds before getting the book/page.
WAIT_X_SECONDS,es,Necesitas esperar {x} segundos antes de obtener el libro/pÃ¡gina. 
WAIT_X_SECONDS,he,×¢×œ×™×›× ×œ×”××ª×™×Ÿ {x} ×©× ×™×•×ª ×œ×¤× ×™ ×©×ª×•×›×œ×• ×œ×§×‘×œ ××ª ×”×¡×¤×¨/×¢××•×“.
WAIT_X_SECONDS,yi,××™×¨ ×“××¨×¤×˜ ×•×•××¨×˜×¢×Ÿ {x} ×¡×§×•× ×“×¢×¨ ×‘×¢×¤××¨ ××™×¨ ×§×¢× ×˜ ×‘××§×•××¢×Ÿ ×“×¢×¨ ×¡×¤×¨/×‘×œ××˜.
WAIT_X_SECONDS,fr,Vous devez attendre {x} secondes avant d'obtenir le livre/la page.
X_IS_UPLOADED,en,The book {x} is uploaded
X_IS_UPLOADED,es,El libro {x} estÃ¡ subido 
X_IS_UPLOADED,he,×”×¡×¤×¨ {x} ×‘×ª×”×œ×™×š ×”×¢×œ××”
X_IS_UPLOADED,yi,×“×¢×¨ ×‘×™×š {x} ××™×– ××¤×œ××“×¢×“
X_IS_UPLOADED,fr,Le livre {x} est tÃ©lÃ©chargÃ©
X_RESULTS_FOR_S,fr,"{x :,} rÃ©sultats pour : {s}"
X_RESULTS_FOR_S,en,"{x:,} results for: {s}"
X_RESULTS_FOR_S,es,"{x:,} resultados para: {s} "
X_RESULTS_FOR_S,he,"â€{x:,} ×ª×•×¦××•×ª ×¢×‘×•×¨: {s}"
X_RESULTS_FOR_S,yi,"{x:,} ×ª×•×¦××•×ª ×¤××¨: {s}"
X_TO_Y_OF_TOTAL,en,"{x:,} - {y:,} from {total:,} results"
X_TO_Y_OF_TOTAL,es,"{x:,} - {y:,} de {total:,} resultados "
X_TO_Y_OF_TOTAL,he,"â€{x:,} - {y:,} ××ª×•×š {total:,} ×ª×•×¦××•×ª"
X_TO_Y_OF_TOTAL,yi,"{x:,} - {y:,} ×¤×•×Ÿ {total:,} ×ª×•×¦××•×ª"
X_TO_Y_OF_TOTAL,fr,"{x:,} - {y:,} sur {total:,} rÃ©sultats"
X_TO_Y_OF_TOTAL_FOR_S,en,"{x:,} - {y:,} from {total:,} results for: {s}"
X_TO_Y_OF_TOTAL_FOR_S,es,"{x:,} - {y:,} de {total:,} resultados para: {s} "
X_TO_Y_OF_TOTAL_FOR_S,he,"â€{x:,} - {y:,} ××ª×•×š {total:,} ×ª×•×¦××•×ª ×¢×‘×•×¨: {s}"
X_TO_Y_OF_TOTAL_FOR_S,yi,"{x:,} - {y:,} ×¤×•×Ÿ {total:,} ×ª×•×¦××•×ª ×¤××¨: {s}"
X_TO_Y_OF_TOTAL_FOR_S,fr,"{x:,} - {y:,} sur {total:,} rÃ©sultats pour : {s}"